{
  "project_info": {
    "project_number": "90515158814",
    "project_id": "heart-to-heart-db863",
    "storage_bucket": "heart-to-heart-db863.appspot.com"
  },
  "client": [
    {
      "client_info": {
        "mobilesdk_app_id": "1:90515158814:android:cbda4326b2d92c77383b0f",
        "android_client_info": {
          "package_name": "com.example.heart_to_heart"
        }
      },
      "oauth_client": [
        {
          "client_id": "90515158814-vjohpdue0k47g56b2oa2nb2cir40cscd.apps.googleusercontent.com",
          "client_type": 3
        }
      ],
      "api_key": [
        {
          "current_key": "AIzaSyDLkJTwWPXiVfyqEYTC1at2SJ0N9SchqxU"
        }
      ],
      "services": {
        "appinvite_service": {
          "other_platform_oauth_client": [
            {
              "client_id": "90515158814-vjohpdue0k47g56b2oa2nb2cir40cscd.apps.googleusercontent.com",
              "client_type": 3
            }
          ]
        }
      }
    }
  ],
  "configuration_version": "1"
}